INSERT INTO Train
VALUES
(91101, 'Santa Clara Express', 'Santa Clara', 'San Franscisco'),
(92307, 'San Jose Amtrak', 'San Jose', 'Fremont'),
(97091, 'Santa Crus ACE', 'Santa Cruz', 'San Franscisco'),
(93461, 'Oakland Santa Clara Express', 'Oakland', 'Santa Clara'),
(99093, 'Caltrain Weekends', 'San Franscisco', 'San Jose'),
(96782, 'California Special', 'Sacramento', 'San Diego'),
(91208, 'Southern Cali Express', 'Los Angeles', 'San Diego');

INSERT INTO TrainStatus
VALUES
(91101, 25, 65, 10, '2020-01-01'),
(91101, 15, 85, 0, '2019-12-13'),
(91101, 0, 100, 0, '2020-12-24'),
(91101, 13, 73, 14, '2020-12-28'),
(92307, 34, 55, 11, '2020-01-11'),
(92307, 6, 77, 17, '2020-01-17'),
(97091, 1, 94, 5, '2020-01-01'),
(97091, 25, 65, 10, '2020-12-24'),
(93461, 18, 79, 3, '2020-02-19'),
(93461, 20, 78, 2, '2020-03-31'),
(93461, 45, 48, 7, '2020-01-19'),
(99093, 3, 85, 12, '2020-01-01'),
(99093, 11, 88, 1, '2020-01-22'),
(96782, 3, 97, 0, '2020-01-01'),
(96782, 89, 10, 1, '2020-12-28'),
(96782, 27, 68, 5, '2020-02-09'),
(91208, 34, 66, 0, '2020-01-01'),
(91208, 48, 44, 8, '2020-01-17');

INSERT INTO Route
VALUES
(91101, '2020-01-01 15:10', 'Santa Clara'),
(91101, '2020-01-01 15:25', 'Palo Alto'),
(91101, '2020-01-01 15:33', 'Redwood City'),
(91101, '2020-01-01 16:05', 'San Fransciso'),
(91101, '2019-12-13 19:10', 'Santa Clara'),
(91101, '2019-12-13 19:13', 'Palo Alto'),
(91101, '2019-12-13 19:20', 'Redwood City'),
(91101, '2019-12-13 19:29', 'San Fransciso'),
(92307, '2019-01-11 09:00', 'San Jose'),
(92307, '2019-01-11 09:14', 'North San Jose'),
(92307, '2019-01-11 09:29', 'Milpitas'),
(92307, '2020-01-11 09:58', 'Fremont'),
(97091, '2020-12-24 12:05', 'Santa Cruz'),
(97091, '2020-12-24 15:10', 'Los Gatos'),
(97091, '2020-12-24 15:27', 'SunnyVale'),
(97091, '2020-12-24 15:40', 'Mountain View'),
(97091, '2020-01-01 16:00', 'Palt Alto'),
(97091, '2020-01-01 16:24', 'San Mateo'),
(97091, '2020-01-01 16:46', 'Milbrae'),
(97091, '2020-01-01 17:00', 'San Franscisco'),
(93461, '2020-03-31 14:03', 'Oakland'),
(93461, '2020-03-31 14:19', 'Hayward'),
(93461, '2020-03-31 14:27', 'Fremont'),
(93461, '2020-03-31 14:36', 'Milpitas'),
(93461, '2020-03-31 14:49', 'San Jose'),
(93461, '2020-03-31 14:54', 'Santa Clara'),
(93461, '2020-03-31 14:49', 'San Jose'),
(99093, '2020-01-01 10:10', 'San Franscisco'),
(99093, '2020-01-01 10:21', 'Redwood City'),
(99093, '2020-01-01 10:29', 'Palo Alto'),
(99093, '2020-01-01 10:10', 'San Jose'),
(96782, '2019-12-28 11:47', 'Sacramento'),
(96782, '2019-12-28 12:48', 'Fremont'),
(96782, '2019-12-28 13:26', 'San Jose'),
(96782, '2019-12-28 14:07', 'Bakersfield'),
(96782, '2019-12-28 14:54', 'Los Angeles'),
(96782, '2019-12-28 15:19', 'San Diego'),
(91208, '2020-01-01 07:25', 'Los Angeles'),
(91208, '2020-01-01 08:01', 'Riverside'),
(91208, '2020-01-01 08:15', 'San Clemente'),
(91208, '2020-01-01 08:55', 'San Diego')
;

INSERT INTO Ticket
VALUES
(30010, 25, 'Booked', '2020-01-01'),
(30110, 35, 'Waiting', '2020-01-01'),
(30211, 14, 'Cancelled', '2020-03-31'),
(30345, 37, 'Booked', '2020-03-31'),
(30567, 13, 'Booked', '2020-03-31'),
(30128, 5, 'Booked', '2019-12-13'),
(31244, 15, 'Booked', '2019-12-13'),
(30157, 45, 'Waiting', '2020-01-11'),
(30215, 24, 'Cancelled', '2020-01-11'),
(33921, 56, 'Booked', '2020-01-01'),
(31382, 12, 'Booked', '2020-02-09'),
(30372, 34, 'Booked', '2020-01-01'),
(30812, 21, 'Booked', '2020-12-24'),
(30244, 35, 'Waiting', '2020-12-24'),
(30232, 14, 'Cancelled', '2020-12-24'),
(30552, 37, 'Booked', '2020-02-09'),
(32345, 25, 'Booked', '2020-01-01'),
(39314, 23, 'Booked', '2020-01-01')
;

INSERT INTO Passenger
VALUES
(10011, 91101, 30010, 'Ross Gellar', 'M', 45,	408777626),
(10292, 99093, 30110, 'Daniel', 'M', 65,		557728194),
(12341, 96782, 30211, 'Lisa Haidan', 'F', 25, 	669262913),
(18832, 91101, 30345, 'David', 'M', 26, 		726193616),
(11352, 91101, 30567, 'Angelina', 'F', 28, 		777639271),
(17222, 96782, 30128, 'Scarlett', 'F', 23, 		618361832),
(12113, 91208, 31244, 'Tony Stark', 'M', 47, 	467282517),
(12143, 91101, 30157, 'Gunther', 'M', 41, 		779667543),
(12312, 92307, 30215, 'Carmo', 'F', 48, 		552637882),
(11737, 99093, 33921, 'Virat Kohli', 'M', 40, 	136288456),
(12381, 96782, 31382, 'Susan', 'F', 11, 		123435493),
(12326, 92307, 30372, 'Bendict', 'M', 18, 		667887242)
;       


